2022-02-15_200644_3114100121816.bmp	3114100121816	2022-02-15	20:06:44	Ethinethin
2022-02-15_200928_1201310100120.bmp	1201310100120	2022-02-15	20:09:28	TheGreatSaxonMan
2022-02-16_191820_0442109111519.bmp	0442109111519	2022-02-16	19:18:20	FreewarePirate
2022-02-16_191949_3422105091519.bmp	3422105091519	2022-02-16	19:19:49	Lochiver
2022-02-16_203629_3102205120911.bmp	3102205120911	2022-02-16	20:36:29	MechaDangerous
2022-02-18_201548_0241301021910.bmp	0241301021910	2022-02-18	20:15:48	TheGreatSaxonMan
2022-02-18_203801_3304213172011.bmp	3304213172011	2022-02-18	20:38:01	FreewarePirate
2022-02-21_205558_1312115131700.bmp	1312115131700	2022-02-21	20:55:58	MechaDangerous
2022-02-27_191238_3140115101709.bmp	3140115101709	2022-02-27	19:12:38	PondRaisedMermaid
2022-02-27_192327_3124200120801.bmp	3124200120801	2022-02-27	19:23:27	FreewarePirate
